time_s,state,altitude_m,zone_score
0.0333,SURVEY,12.0,0.0
0.0667,SURVEY,11.9999,0.0
0.1,SURVEY,11.9999,0.0
0.1333,SURVEY,11.9998,0.0
0.1667,SURVEY,11.9998,0.0
0.2,SURVEY,11.9997,0.0
0.2333,SURVEY,11.9996,0.0
0.2667,SURVEY,11.9995,0.0
0.3,SURVEY,11.9992,0.0
0.3333,SURVEY,11.9991,0.0
0.3667,SURVEY,11.999,0.0
0.4,SURVEY,11.999,0.0
0.4333,SURVEY,11.9989,0.0
0.4667,SURVEY,11.9987,0.0
0.5,SURVEY,11.9987,0.0
0.5333,SURVEY,11.9987,0.0
0.5667,SURVEY,11.9986,0.0
0.6,SURVEY,11.9985,0.0
0.6333,SURVEY,11.9986,0.0
0.6667,SURVEY,11.9985,0.0
0.7,SURVEY,11.9984,0.0
0.7333,SURVEY,11.9984,0.0
0.7667,SURVEY,11.9984,0.0
0.8,SURVEY,11.9983,0.0
0.8333,SURVEY,11.9984,0.0
0.8667,SURVEY,11.9983,0.0
0.9,SURVEY,11.9983,0.0
0.9333,SURVEY,11.9984,0.0
0.9667,SURVEY,11.9983,0.0
1.0,SURVEY,11.9983,0.0
1.0333,SURVEY,11.9982,0.0
1.0667,SURVEY,11.9981,0.0
1.1,SURVEY,11.998,0.0
1.1333,SURVEY,11.998,0.0
1.1667,SURVEY,11.998,0.0
1.2,SURVEY,11.9978,0.0
1.2333,SURVEY,11.9979,0.0
1.2667,SURVEY,11.998,0.0
1.3,SURVEY,11.9979,0.0
1.3333,SURVEY,11.9979,0.0
1.3667,SURVEY,11.998,0.0
1.4,SURVEY,11.9978,0.0
1.4333,SURVEY,11.9977,0.0
1.4667,SURVEY,11.9977,0.0
1.5,SURVEY,11.9978,0.0
1.5333,SURVEY,11.9977,0.0
1.5667,SURVEY,11.9978,0.0
1.6,SURVEY,11.9977,0.0
1.6333,SURVEY,11.9976,0.0
1.6667,SURVEY,11.9976,0.0
1.7,SURVEY,11.9976,0.0
1.7333,SURVEY,11.9976,0.0
1.7667,SURVEY,11.9976,0.0
1.8,SURVEY,11.9975,0.0
1.8333,SURVEY,11.9975,0.0
1.8667,SURVEY,11.9975,0.0
1.9,SURVEY,11.9975,0.0
1.9333,SURVEY,11.9973,0.0
1.9667,SURVEY,11.9974,0.0
2.0,SURVEY,11.9974,0.0
2.0333,SURVEY,11.9975,0.0
2.0667,SURVEY,11.9976,0.0
2.1,SURVEY,11.9977,0.0
2.1333,SURVEY,11.9977,0.0
2.1667,SURVEY,11.9978,0.0
2.2,SURVEY,11.9979,0.0
2.2333,SURVEY,11.9979,0.0
2.2667,SURVEY,11.9979,0.0
2.3,SURVEY,11.998,0.0
2.3333,SURVEY,11.9979,0.0
2.3667,SURVEY,11.9979,0.0
2.4,SURVEY,11.9978,0.0
2.4333,SURVEY,11.9978,0.0
2.4667,SURVEY,11.9978,0.0
2.5,SURVEY,11.9978,0.0
2.5333,SURVEY,11.998,0.0
2.5667,SURVEY,11.9979,0.0
2.6,SURVEY,11.9979,0.0
2.6333,SURVEY,11.9979,0.0
2.6667,SURVEY,11.9978,0.0
2.7,SURVEY,11.9977,0.0
2.7333,SURVEY,11.9976,0.0
2.7667,SURVEY,11.9977,0.0
2.8,SURVEY,11.9975,0.0
2.8333,SURVEY,11.9975,0.0
2.8667,SURVEY,11.9974,0.0
2.9,SURVEY,11.9973,0.0
2.9333,SURVEY,11.9973,0.0
2.9667,SURVEY,11.9972,0.0
3.0,SURVEY,11.9971,0.0
3.0333,SURVEY,11.9971,0.0
3.0667,SURVEY,11.9969,0.0
3.1,SURVEY,11.9969,0.0
3.1333,SURVEY,11.9969,0.0
3.1667,SURVEY,11.9968,0.0
3.2,SURVEY,11.9966,0.0
3.2333,SURVEY,11.9966,0.0
3.2667,SURVEY,11.9965,0.0
3.3,SURVEY,11.9966,0.0
3.3333,SURVEY,11.9966,0.0
3.3667,SURVEY,11.9965,0.0
3.4,SURVEY,11.9964,0.0
3.4333,SURVEY,11.9963,0.0
3.4667,SURVEY,11.9964,0.0
3.5,SURVEY,11.9964,0.0
3.5333,SURVEY,11.9964,0.0
3.5667,SURVEY,11.9964,0.0
3.6,SURVEY,11.9963,0.0
3.6333,SURVEY,11.9964,0.0
3.6667,SURVEY,11.9963,0.0
3.7,SURVEY,11.9963,0.0
3.7333,SURVEY,11.9963,0.0
3.7667,SURVEY,11.9962,0.0
3.8,SURVEY,11.9961,0.0
3.8333,SURVEY,11.9961,0.0
3.8667,SURVEY,11.996,0.0
3.9,SURVEY,11.9961,0.0
3.9333,SURVEY,11.9961,0.0
3.9667,SURVEY,11.9961,0.0
4.0,SURVEY,11.996,0.0
4.0333,SURVEY,11.996,0.0
4.0667,SURVEY,11.996,0.0
4.1,SURVEY,11.996,0.0
4.1333,SURVEY,11.9959,0.0
4.1667,SURVEY,11.9959,0.0
4.2,SURVEY,11.9961,0.0
4.2333,SURVEY,11.9961,0.0
4.2667,SURVEY,11.996,0.0
4.3,SURVEY,11.9961,0.0
4.3333,SURVEY,11.996,0.0
4.3667,SURVEY,11.9959,0.0
4.4,SURVEY,11.9958,0.0
4.4333,SURVEY,11.9957,0.0
4.4667,SURVEY,11.9957,0.0
4.5,SURVEY,11.9957,0.0
4.5333,SURVEY,11.9959,0.0
4.5667,SURVEY,11.9958,0.0
4.6,SURVEY,11.9958,0.0
4.6333,SURVEY,11.9958,0.0
4.6667,SURVEY,11.9958,0.0
4.7,SURVEY,11.9959,0.0
4.7333,SURVEY,11.9959,0.0
4.7667,SURVEY,11.9959,0.0
4.8,SURVEY,11.9961,0.0
4.8333,SURVEY,11.9961,0.0
4.8667,SURVEY,11.9961,0.0
4.9,SURVEY,11.9962,0.0
4.9333,SURVEY,11.9963,0.0
4.9667,SURVEY,11.9965,0.0
5.0,SURVEY,11.9967,0.0
5.0333,SURVEY,11.9967,0.0
5.0667,SURVEY,11.9967,0.0
5.1,SURVEY,11.9967,0.0
5.1333,SURVEY,11.9969,0.0
5.1667,SURVEY,11.997,0.0
5.2,SURVEY,11.9971,0.0
5.2333,SURVEY,11.9972,0.0
5.2667,SURVEY,11.9973,0.0
5.3,SURVEY,11.9972,0.0
5.3333,SURVEY,11.9973,0.0
5.3667,SURVEY,11.9973,0.0
5.4,SURVEY,11.9972,0.0
5.4333,SURVEY,11.9972,0.0
5.4667,SURVEY,11.9971,0.0
5.5,SURVEY,11.997,0.0
5.5333,SURVEY,11.9969,0.0
5.5667,SURVEY,11.9969,0.0
5.6,SURVEY,11.997,0.0
5.6333,SURVEY,11.997,0.0
5.6667,SURVEY,11.9969,0.0
5.7,SURVEY,11.9968,0.0
5.7333,SURVEY,11.9967,0.0
5.7667,SURVEY,11.9966,0.0
5.8,SURVEY,11.9965,0.0
5.8333,SURVEY,11.9965,0.0
5.8667,SURVEY,11.9965,0.0
5.9,SURVEY,11.9966,0.0
5.9333,SURVEY,11.9966,0.0
5.9667,SURVEY,11.9966,0.0
6.0,SURVEY,11.9966,0.0
6.0333,SURVEY,11.9966,0.0
6.0667,SURVEY,11.9968,0.0
6.1,SURVEY,11.9968,0.0
6.1333,SURVEY,11.9968,0.0
6.1667,SURVEY,11.9968,0.0
6.2,SURVEY,11.997,0.0
6.2333,SURVEY,11.9971,0.0
6.2667,SURVEY,11.997,0.0
6.3,SURVEY,11.997,0.0
6.3333,SURVEY,11.9969,0.0
6.3667,SURVEY,11.9969,0.0
6.4,SURVEY,11.9968,0.0
6.4333,SURVEY,11.9968,0.0
6.4667,SURVEY,11.9967,0.0
6.5,SURVEY,11.9966,0.0
6.5333,SURVEY,11.9966,0.0
6.5667,SURVEY,11.9964,0.0
6.6,SURVEY,11.9963,0.0
6.6333,SURVEY,11.9963,0.0
6.6667,SURVEY,11.9964,0.0
6.7,SURVEY,11.9963,0.0
6.7333,SURVEY,11.9962,0.0
6.7667,SURVEY,11.9962,0.0
6.8,SURVEY,11.9961,0.0
6.8333,SURVEY,11.9961,0.0
6.8667,SURVEY,11.9961,0.0
6.9,SURVEY,11.9961,0.0
6.9333,SURVEY,11.9961,0.0
6.9667,SURVEY,11.9961,0.0
7.0,SURVEY,11.9961,0.0
7.0333,SURVEY,11.996,0.0
7.0667,SURVEY,11.9958,0.0
7.1,SURVEY,11.9955,0.0
7.1333,SURVEY,11.9954,0.0
7.1667,SURVEY,11.9953,0.0
7.2,SURVEY,11.9954,0.0
7.2333,SURVEY,11.9953,0.0
7.2667,SURVEY,11.9953,0.0
7.3,SURVEY,11.9952,0.0
7.3333,SURVEY,11.9953,0.0
7.3667,SURVEY,11.9953,0.0
7.4,SURVEY,11.9954,0.0
7.4333,SURVEY,11.9953,0.0
7.4667,SURVEY,11.9953,0.0
7.5,SURVEY,11.9953,0.0
7.5333,EVALUATE,11.9953,0.0
7.5667,SEARCH,11.9953,0.0
7.6,SEARCH,11.9953,0.0
7.6333,SEARCH,11.9954,0.0
7.6667,SEARCH,11.9953,0.0
7.7,SEARCH,11.9952,0.0
7.7333,SEARCH,11.9952,0.0
7.7667,SEARCH,11.9951,0.0
7.8,SEARCH,11.9951,0.0
7.8333,SEARCH,11.9951,0.0
7.8667,SEARCH,11.995,0.0
7.9,SEARCH,11.9949,0.0
7.9333,SEARCH,11.9948,0.0
7.9667,SEARCH,11.9949,0.0
8.0,SEARCH,11.9949,0.0
8.0333,SEARCH,11.9949,0.0
8.0667,SEARCH,11.995,0.0
8.1,SEARCH,11.995,0.0
8.1333,SEARCH,11.995,0.0
8.1667,SEARCH,11.9951,0.0
8.2,SEARCH,11.9952,0.0
8.2333,SEARCH,11.9952,0.0
8.2667,SEARCH,11.9954,0.0
8.3,SEARCH,11.9954,0.0
8.3333,SEARCH,11.9954,0.0
8.3667,SEARCH,11.9954,0.0
8.4,SEARCH,11.9955,0.0
8.4333,SEARCH,11.9955,0.0
8.4667,SEARCH,11.9957,0.0
8.5,SEARCH,11.9958,0.0
8.5333,SEARCH,11.9959,0.0
8.5667,SEARCH,11.9959,0.0
8.6,SEARCH,11.9961,0.0
8.6333,SEARCH,11.9961,0.0
8.6667,SEARCH,11.9963,0.0
8.7,SEARCH,11.9963,0.0
8.7333,SEARCH,11.9963,0.0
8.7667,SEARCH,11.9964,0.0
8.8,SEARCH,11.9966,0.0
8.8333,SEARCH,11.9967,0.0
8.8667,SEARCH,11.9968,0.0
8.9,SEARCH,11.9969,0.0
8.9333,SEARCH,11.9971,0.0
8.9667,SEARCH,11.9973,0.0
9.0,SEARCH,11.9974,0.0
9.0333,SEARCH,11.9976,0.0
9.0667,SEARCH,11.9977,0.0
9.1,SEARCH,11.9979,0.0
9.1333,SEARCH,11.9981,0.0
9.1667,SEARCH,11.9983,0.0
9.2,SEARCH,11.9984,0.0
9.2333,SEARCH,11.9985,0.0
9.2667,SEARCH,11.9987,0.0
9.3,SEARCH,11.9987,0.0
9.3333,SEARCH,11.9988,0.0
9.3667,SEARCH,11.9989,0.0
9.4,SEARCH,11.9991,0.0
9.4333,SEARCH,11.9991,0.0
9.4667,SEARCH,11.9992,0.0
9.5,SEARCH,11.9993,0.0
9.5333,SEARCH,11.9994,0.0
9.5667,SEARCH,11.9997,0.0
9.6,SEARCH,11.9998,0.0
9.6333,SEARCH,11.9999,0.0
9.6667,SEARCH,11.9999,0.0
9.7,SEARCH,12.0002,0.0
9.7333,SEARCH,12.0003,0.0
9.7667,SEARCH,12.0003,0.0
9.8,SEARCH,12.0005,0.0
9.8333,SEARCH,12.0006,0.0
9.8667,SEARCH,12.0007,0.0
9.9,SEARCH,12.0008,0.0
9.9333,SEARCH,12.0009,0.0
9.9667,SEARCH,12.0009,0.0
10.0,SEARCH,12.0009,0.0
10.0333,SEARCH,12.0008,0.0
10.0667,SEARCH,12.0008,0.0
10.1,SEARCH,12.0009,0.0
10.1333,SEARCH,12.0009,0.0
10.1667,SEARCH,12.0011,0.0
10.2,SEARCH,12.0013,0.0
10.2333,SEARCH,12.0013,0.0
10.2667,APPROACH,12.0013,11.7938
10.3,APPROACH,12.0003,10.6144
10.3333,APPROACH,11.9983,10.6144
10.3667,APPROACH,11.9953,10.6144
10.4,APPROACH,11.9914,10.6144
10.4333,APPROACH,11.9864,10.6144
10.4667,APPROACH,11.9804,10.6144
10.5,APPROACH,11.9734,10.6144
10.5333,APPROACH,11.9654,10.6144
10.5667,APPROACH,11.9564,10.6144
10.6,APPROACH,11.9464,10.6144
10.6333,APPROACH,11.9355,10.6144
10.6667,APPROACH,11.9235,10.6144
10.7,APPROACH,11.9105,10.6144
10.7333,APPROACH,11.8965,10.6144
10.7667,APPROACH,11.8815,10.6144
10.8,APPROACH,11.8655,10.6144
10.8333,APPROACH,11.8485,10.6144
10.8667,APPROACH,11.8306,10.6144
10.9,APPROACH,11.8116,10.6144
10.9333,APPROACH,11.7916,10.6144
10.9667,APPROACH,11.7706,18.6737
11.0,APPROACH,11.7486,18.5803
11.0333,APPROACH,11.7256,19.0181
11.0667,APPROACH,11.7016,19.189
11.1,APPROACH,11.6767,19.359
11.1333,APPROACH,11.6507,19.5282
11.1667,APPROACH,11.624,19.6966
11.2,APPROACH,11.5973,19.8641
11.2333,APPROACH,11.5707,20.0308
11.2667,APPROACH,11.544,20.1966
11.3,APPROACH,11.5173,20.3616
11.3333,APPROACH,11.4907,20.5258
11.3667,APPROACH,11.464,20.6892
11.4,APPROACH,11.4373,20.8518
11.4333,APPROACH,11.4107,21.0135
11.4667,APPROACH,11.384,21.1744
11.5,APPROACH,11.3573,21.3346
11.5333,APPROACH,11.3307,21.4939
11.5667,APPROACH,11.304,21.6524
11.6,APPROACH,11.2773,21.8102
11.6333,APPROACH,11.2507,21.9671
11.6667,APPROACH,11.224,22.1233
11.7,APPROACH,11.1973,22.2787
11.7333,APPROACH,11.1707,22.4333
11.7667,APPROACH,11.144,22.5871
11.8,APPROACH,11.1173,22.7402
11.8333,APPROACH,11.0907,22.8925
11.8667,APPROACH,11.064,23.044
11.9,APPROACH,11.0373,23.1948
11.9333,APPROACH,11.0107,23.3448
11.9667,APPROACH,10.984,23.4941
12.0,APPROACH,10.9573,23.6426
12.0333,APPROACH,10.9307,23.7904
12.0667,APPROACH,10.904,23.6714
12.1,APPROACH,10.8773,24.0838
12.1333,APPROACH,10.8507,24.2293
12.1667,APPROACH,10.824,24.3742
12.2,APPROACH,10.7973,24.5183
12.2333,APPROACH,10.7707,24.6617
12.2667,APPROACH,10.744,24.8044
12.3,APPROACH,10.7173,24.9464
12.3333,APPROACH,10.6907,25.0877
12.3667,APPROACH,10.664,25.382
12.4,APPROACH,10.6373,25.521
12.4333,APPROACH,10.6107,25.6594
12.4667,APPROACH,10.584,25.7971
12.5,APPROACH,10.5573,25.9342
12.5333,APPROACH,10.5307,26.0705
12.5667,APPROACH,10.504,26.2061
12.6,APPROACH,10.4773,26.3411
12.6333,APPROACH,10.4507,26.4754
12.6667,APPROACH,10.424,26.609
12.7,APPROACH,10.3973,26.742
12.7333,APPROACH,10.3707,26.8743
12.7667,APPROACH,10.344,27.0059
12.8,APPROACH,10.3173,27.1369
12.8333,APPROACH,10.2907,27.2672
12.8667,APPROACH,10.264,27.3968
12.9,APPROACH,10.2373,27.5259
12.9333,APPROACH,10.2107,27.6542
12.9667,APPROACH,10.184,27.782
13.0,APPROACH,10.1573,27.9091
13.0333,APPROACH,10.1307,28.0355
13.0667,APPROACH,10.104,28.1613
13.1,APPROACH,10.0773,28.2865
13.1333,APPROACH,10.0507,28.4111
13.1667,APPROACH,10.024,28.535
13.2,APPROACH,9.9973,28.6584
13.2333,APPROACH,9.9707,28.7811
13.2667,APPROACH,9.944,28.9032
13.3,APPROACH,9.9173,29.0246
13.3333,APPROACH,9.8907,29.1455
13.3667,APPROACH,9.864,29.2658
13.4,APPROACH,9.8373,29.3855
13.4333,APPROACH,9.8107,29.5045
13.4667,APPROACH,9.784,29.623
13.5,APPROACH,9.7573,29.7409
13.5333,APPROACH,9.7307,30.0743
13.5667,APPROACH,9.704,29.924
13.6,APPROACH,9.6773,29.7743
13.6333,APPROACH,9.6507,30.1561
13.6667,APPROACH,9.624,30.2714
13.7,APPROACH,9.5973,30.12
13.7333,APPROACH,9.5707,30.5001
13.7667,APPROACH,9.544,30.6136
13.8,APPROACH,9.5173,30.7265
13.8333,APPROACH,9.4907,30.8389
13.8667,APPROACH,9.464,30.9507
13.9,APPROACH,9.4373,31.0619
13.9333,APPROACH,9.4107,31.1726
13.9667,APPROACH,9.384,31.2828
14.0,APPROACH,9.3573,31.3923
14.0333,APPROACH,9.3307,31.5014
14.0667,APPROACH,9.304,31.6099
14.1,APPROACH,9.2773,31.7178
14.1333,APPROACH,9.2507,31.5592
14.1667,APPROACH,9.224,31.9321
14.2,APPROACH,9.1973,32.0384
14.2333,APPROACH,9.1707,32.1443
14.2667,APPROACH,9.144,32.2495
14.3,APPROACH,9.1173,32.3543
14.3333,APPROACH,9.0907,32.4585
14.3667,APPROACH,9.064,32.5622
14.4,APPROACH,9.0373,32.6654
14.4333,APPROACH,9.0107,32.7681
14.4667,APPROACH,8.984,32.8702
14.5,APPROACH,8.9573,32.7059
14.5333,APPROACH,8.9307,33.073
14.5667,APPROACH,8.904,33.1737
14.6,APPROACH,8.8773,33.2738
14.6333,APPROACH,8.8507,33.3734
14.6667,APPROACH,8.824,33.4726
14.7,APPROACH,8.7973,33.5712
14.7333,APPROACH,8.7707,33.6693
14.7667,APPROACH,8.744,33.767
14.8,APPROACH,8.7173,34.1109
14.8333,APPROACH,8.6907,33.9403
14.8667,APPROACH,8.664,34.057
14.9,APPROACH,8.6373,34.5363
14.9333,APPROACH,8.6107,34.3636
14.9667,APPROACH,8.584,34.1918
15.0,APPROACH,8.5573,34.175
15.0333,APPROACH,8.5307,34.5309
15.0667,APPROACH,8.504,35.5458
15.1,APPROACH,8.4773,35.3681
15.1333,APPROACH,8.4507,35.1912
15.1667,APPROACH,8.424,35.0153
15.2,APPROACH,8.3973,34.9929
15.2333,APPROACH,8.3707,35.3345
15.2667,APPROACH,8.344,35.1578
15.3,APPROACH,8.3173,35.0013
15.3333,APPROACH,8.2907,35.4756
15.3667,APPROACH,8.264,35.2982
15.4,APPROACH,8.2373,35.5324
15.4333,APPROACH,8.2107,35.6207
15.4667,APPROACH,8.184,36.1051
15.5,APPROACH,8.1573,35.9245
15.5333,APPROACH,8.1307,35.8831
15.5667,APPROACH,8.104,36.2347
15.6,APPROACH,8.0773,36.0535
15.6333,APPROACH,8.0507,35.8733
15.6667,APPROACH,8.024,35.9648
15.7,APPROACH,7.9973,36.3117
15.7333,APPROACH,7.9707,36.6715
15.7667,APPROACH,7.944,36.4881
15.8,APPROACH,7.9173,36.5638
15.8333,APPROACH,7.8907,36.7927
15.8667,APPROACH,7.864,36.6087
15.9,APPROACH,7.8373,36.5487
15.9333,APPROACH,7.8107,36.912
15.9667,APPROACH,7.784,36.7275
16.0,APPROACH,7.7573,37.0566
16.0333,APPROACH,7.7307,39.2978
16.0667,APPROACH,7.704,39.1013
16.1,APPROACH,7.6773,38.9058
16.1333,APPROACH,7.6507,38.7112
16.1667,APPROACH,7.624,38.5177
16.2,APPROACH,7.5973,38.3251
16.2333,APPROACH,7.5707,38.1335
16.2667,APPROACH,7.544,37.9428
16.3,APPROACH,7.5173,37.7687
16.3333,APPROACH,7.4907,38.2328
16.3667,APPROACH,7.464,38.0416
16.4,APPROACH,7.4373,37.8514
16.4333,APPROACH,7.4107,37.813
16.4667,APPROACH,7.384,38.6691
16.5,APPROACH,7.3573,38.4757
16.5333,APPROACH,7.3307,38.2834
16.5667,APPROACH,7.304,38.0919
16.6,APPROACH,7.2773,37.9331
16.6333,APPROACH,7.2507,37.7435
16.6667,APPROACH,7.224,38.7244
16.7,APPROACH,7.1973,38.5308
16.7333,APPROACH,7.1707,38.3381
16.7667,APPROACH,7.144,38.1464
16.8,APPROACH,7.1173,37.9557
16.8333,APPROACH,7.0907,38.0432
16.8667,APPROACH,7.064,37.853
16.9,APPROACH,7.0373,37.9199
16.9333,APPROACH,7.0107,38.4099
16.9667,APPROACH,6.984,38.2178
17.0,APPROACH,6.9573,38.0268
17.0333,APPROACH,6.9307,37.9612
17.0667,APPROACH,6.904,38.5819
17.1,APPROACH,6.8773,38.389
17.1333,APPROACH,6.8507,38.1971
17.1667,APPROACH,6.824,38.0061
17.2,APPROACH,6.7973,38.0776
17.2333,APPROACH,6.7707,38.5615
17.2667,APPROACH,6.744,38.3687
17.3,APPROACH,6.7173,38.1768
17.3333,APPROACH,6.6907,38.1158
17.3667,APPROACH,6.664,38.7305
17.4,APPROACH,6.6373,38.5369
17.4333,APPROACH,6.6107,47.3159
17.4667,APPROACH,6.584,47.7478
17.5,APPROACH,6.5573,48.1776
17.5333,APPROACH,6.5307,48.6052
17.5667,APPROACH,6.504,49.0307
17.6,APPROACH,6.4773,49.454
17.6333,APPROACH,6.4507,49.8753
17.6667,APPROACH,6.424,50.2944
17.7,APPROACH,6.3973,50.7114
17.7333,APPROACH,6.3707,51.1264
17.7667,APPROACH,6.344,51.5392
17.8,APPROACH,6.3173,51.95
17.8333,APPROACH,6.2907,52.3588
17.8667,APPROACH,6.264,52.7655
17.9,APPROACH,6.2373,53.1702
17.9333,APPROACH,6.2107,53.5728
17.9667,APPROACH,6.184,53.9734
18.0,APPROACH,6.1573,54.3721
18.0333,APPROACH,6.1307,54.7687
18.0667,APPROACH,6.104,55.1634
18.1,APPROACH,6.0773,55.5561
18.1333,APPROACH,6.0507,55.9468
18.1667,APPROACH,6.024,56.3355
18.2,APPROACH,5.9973,56.7224
18.2333,APPROACH,5.9707,57.1073
18.2667,APPROACH,5.944,57.4902
18.3,APPROACH,5.9173,57.8713
18.3333,APPROACH,5.8907,58.2504
18.3667,APPROACH,5.864,58.6277
18.4,APPROACH,5.8373,59.003
18.4333,APPROACH,5.8107,59.3765
18.4667,APPROACH,5.784,59.7481
18.5,APPROACH,5.7573,60.1179
18.5333,APPROACH,5.7307,60.4858
18.5667,APPROACH,5.704,60.8519
18.6,APPROACH,5.6773,61.2161
18.6333,APPROACH,5.6507,73.3427
18.6667,APPROACH,5.624,73.9105
18.7,APPROACH,5.5973,74.4754
18.7333,APPROACH,5.5707,75.0376
18.7667,APPROACH,5.544,75.5969
18.8,APPROACH,5.5173,76.1534
18.8333,APPROACH,5.4907,76.7071
18.8667,APPROACH,5.464,77.2581
18.9,APPROACH,5.4373,77.8063
18.9333,APPROACH,5.4107,78.3518
18.9667,APPROACH,5.384,78.8945
19.0,APPROACH,5.3573,79.4345
19.0333,APPROACH,5.3307,79.9719
19.0667,APPROACH,5.304,80.5065
19.1,APPROACH,5.2773,81.0385
19.1333,APPROACH,5.2507,81.5678
19.1667,APPROACH,5.224,82.0944
19.2,APPROACH,5.1973,82.6185
19.2333,APPROACH,5.1707,83.1399
19.2667,APPROACH,5.144,83.6587
19.3,APPROACH,5.1173,83.7555
19.3333,APPROACH,5.0907,84.2712
19.3667,APPROACH,5.064,84.7843
19.4,APPROACH,5.0373,85.2949
19.4333,APPROACH,5.0107,85.8029
19.4667,APPROACH,4.984,86.3084
19.5,APPROACH,4.9573,86.8114
19.5333,APPROACH,4.9307,87.3118
19.5667,APPROACH,4.904,87.8098
19.6,APPROACH,4.8773,88.3052
19.6333,APPROACH,4.8507,88.7982
19.6667,APPROACH,4.824,88.9562
19.7,APPROACH,4.7973,89.1134
19.7333,APPROACH,4.7707,89.2698
19.7667,APPROACH,4.744,89.4255
19.8,APPROACH,4.7173,89.5804
19.8333,APPROACH,4.6907,89.4685
19.8667,APPROACH,4.664,89.8878
19.9,APPROACH,4.6373,90.0404
19.9333,APPROACH,4.6107,90.1922
19.9667,APPROACH,4.584,90.0772
20.0,APPROACH,4.5573,90.4935
20.0333,APPROACH,4.5307,90.643
20.0667,APPROACH,4.504,90.7918
20.1,APPROACH,4.4773,90.9398
20.1333,APPROACH,4.4507,91.0871
20.1667,APPROACH,4.424,91.2337
20.2,APPROACH,4.3973,91.3795
20.2333,APPROACH,4.3707,91.5246
20.2667,APPROACH,4.344,91.669
20.3,APPROACH,4.3173,91.8127
20.3333,APPROACH,4.2907,91.9556
20.3667,APPROACH,4.264,92.0978
20.4,APPROACH,4.2373,92.2393
20.4333,APPROACH,4.2107,92.3801
20.4667,APPROACH,4.184,92.5202
20.5,APPROACH,4.1573,92.6596
20.5333,APPROACH,4.1307,92.7983
20.5667,APPROACH,4.104,92.9363
20.6,APPROACH,4.0773,93.0737
20.6333,APPROACH,4.0507,93.2103
20.6667,APPROACH,4.024,93.3462
20.7,APPROACH,3.9973,93.4815
20.7333,APPROACH,3.9707,93.6161
20.7667,APPROACH,3.944,93.75
20.8,APPROACH,3.9173,93.8833
20.8333,APPROACH,3.8907,94.0159
20.8667,APPROACH,3.864,94.1478
20.9,APPROACH,3.8373,94.279
20.9333,APPROACH,3.8107,94.4096
20.9667,APPROACH,3.784,91.2629
21.0,APPROACH,3.7573,91.4086
21.0333,APPROACH,3.7307,91.5535
21.0667,APPROACH,3.704,91.6978
21.1,APPROACH,3.6773,91.8413
21.1333,APPROACH,3.6507,91.9841
21.1667,APPROACH,3.624,92.1262
21.2,APPROACH,3.5973,92.2675
21.2333,APPROACH,3.5707,92.4082
21.2667,APPROACH,3.544,92.5481
21.3,APPROACH,3.5173,92.6874
21.3333,APPROACH,3.4907,92.826
21.3667,APPROACH,3.464,92.9638
21.4,APPROACH,3.4373,93.101
21.4333,APPROACH,3.4107,93.2375
21.4667,APPROACH,3.384,93.3733
21.5,APPROACH,3.3573,93.5085
21.5333,APPROACH,3.3307,93.6429
21.5667,APPROACH,3.304,93.7767
21.6,APPROACH,3.2773,93.9098
21.6333,APPROACH,3.2507,94.0423
21.6667,APPROACH,3.224,94.1741
21.7,APPROACH,3.1973,94.0392
21.7333,APPROACH,3.1707,93.905
21.7667,APPROACH,3.144,93.7715
21.8,APPROACH,3.1173,93.6386
21.8333,APPROACH,3.0907,93.5064
21.8667,APPROACH,3.064,93.3749
21.9,APPROACH,3.0373,93.244
21.9333,APPROACH,3.0107,93.1138
21.9667,APPROACH,2.984,92.9842
22.0,APPROACH,2.9573,92.8553
22.0333,APPROACH,2.9307,92.727
22.0667,APPROACH,2.904,92.5994
22.1,APPROACH,2.8773,92.4724
22.1333,APPROACH,2.8507,91.9272
22.1667,APPROACH,2.824,91.8036
22.2,APPROACH,2.7973,91.6805
22.2333,APPROACH,2.7707,91.5581
22.2667,APPROACH,2.744,91.4363
22.3,APPROACH,2.7173,91.3152
22.3333,APPROACH,2.6907,91.1946
22.3667,APPROACH,2.664,91.0746
22.4,APPROACH,2.6373,90.9552
22.4333,APPROACH,2.6107,90.8365
22.4667,APPROACH,2.584,90.7183
22.5,APPROACH,2.5573,90.6007
22.5333,APPROACH,2.5307,90.4837
22.5667,APPROACH,2.504,90.3673
22.6,APPROACH,2.4773,90.2514
22.6333,APPROACH,2.4507,90.1362
22.6667,APPROACH,2.424,90.0215
22.7,APPROACH,2.3973,89.9074
22.7333,APPROACH,2.3707,89.7938
22.7667,APPROACH,2.344,89.6809
22.8,APPROACH,2.3173,89.5685
22.8333,APPROACH,2.2907,89.4566
22.8667,APPROACH,2.264,89.3453
22.9,APPROACH,2.2373,89.2346
22.9333,APPROACH,2.2107,89.1244
22.9667,APPROACH,2.184,89.0148
23.0,APPROACH,2.1573,88.9058
23.0333,APPROACH,2.1307,88.7972
23.0667,APPROACH,2.104,88.6892
23.1,APPROACH,2.0773,88.5818
23.1333,APPROACH,2.0507,88.4749
23.1667,APPROACH,2.024,88.3685
23.2,APPROACH,1.9973,88.2627
23.2333,APPROACH,1.9707,88.1574
23.2667,APPROACH,1.944,88.0526
23.3,APPROACH,1.9173,87.9483
23.3333,APPROACH,1.8907,87.8446
23.3667,APPROACH,1.864,87.7413
23.4,APPROACH,1.8373,87.3026
23.4333,APPROACH,1.8107,136.7504
23.4667,APPROACH,1.784,136.4027
23.5,APPROACH,1.7573,136.0567
23.5333,APPROACH,1.7307,135.7124
23.5667,APPROACH,1.704,135.3698
23.6,APPROACH,1.6773,135.029
23.6333,APPROACH,1.6507,134.6898
23.6667,APPROACH,1.624,134.3524
23.7,APPROACH,1.5973,134.0166
23.7333,APPROACH,1.5707,133.6825
23.7667,APPROACH,1.544,133.3501
23.8,APPROACH,1.5173,133.0194
23.8333,APPROACH,1.4907,132.6903
23.8667,APPROACH,1.464,132.3628
23.9,APPROACH,1.4373,132.037
23.9333,APPROACH,1.4107,131.7128
23.9667,APPROACH,1.384,131.3903
24.0,APPROACH,1.3573,130.6499
24.0333,APPROACH,1.3307,130.3326
24.0667,APPROACH,1.304,130.0169
24.1,APPROACH,1.2773,129.7029
24.1333,APPROACH,1.2507,129.3903
24.1667,APPROACH,1.224,129.0794
24.2,APPROACH,1.1975,128.77
24.2333,APPROACH,1.1714,128.4621
24.2667,APPROACH,1.1459,128.1558
24.3,APPROACH,1.1211,127.4315
24.3333,APPROACH,1.0967,127.1304
24.3667,APPROACH,1.0729,126.8307
24.4,APPROACH,1.0497,126.5326
24.4333,APPROACH,1.0269,126.2359
24.4667,APPROACH,1.0046,125.9407
24.5,APPROACH,0.9829,125.647
24.5333,APPROACH,0.9616,125.3548
24.5667,APPROACH,0.9407,125.064
24.6,APPROACH,0.9201,124.7747
24.6333,APPROACH,0.9003,124.4868
24.6667,APPROACH,0.8809,123.7814
24.7,APPROACH,0.8617,123.4985
24.7333,APPROACH,0.843,123.217
24.7667,APPROACH,0.8246,122.6009
24.8,APPROACH,0.8066,122.6582
24.8333,APPROACH,0.7891,122.0449
24.8667,APPROACH,0.772,122.105
24.9,APPROACH,0.7552,121.4945
24.9333,APPROACH,0.7388,120.887
24.9667,APPROACH,0.7226,119.8636
25.0,APPROACH,0.707,119.2643
25.0333,APPROACH,0.6915,118.668
25.0667,APPROACH,0.6763,118.0747
25.1,APPROACH,0.6617,117.4843
25.1333,APPROACH,0.6471,116.8969
25.1667,APPROACH,0.6328,116.3124
25.2,APPROACH,0.619,115.7308
25.2333,APPROACH,0.6054,115.1522
25.2667,APPROACH,0.592,114.5764
25.3,APPROACH,0.579,114.0035
25.3333,APPROACH,0.5662,113.4335
25.3667,APPROACH,0.5538,112.8663
25.4,APPROACH,0.5417,112.302
25.4333,APPROACH,0.5298,111.7405
25.4667,APPROACH,0.5181,111.1818
25.5,APPROACH,0.5067,110.6259
25.5333,APPROACH,0.4956,110.0727
25.5667,APPROACH,0.4845,109.5224
25.6,APPROACH,0.4737,108.9748
25.6333,APPROACH,0.4632,108.4299
25.6667,APPROACH,0.4528,107.8877
25.7,APPROACH,0.4428,107.3483
25.7333,APPROACH,0.433,106.8116
25.7667,APPROACH,0.4234,106.2775
25.8,APPROACH,0.4139,105.7461
25.8333,APPROACH,0.4046,105.2174
25.8667,APPROACH,0.3954,104.6913
25.9,APPROACH,0.3865,104.1678
25.9333,APPROACH,0.3777,103.647
25.9667,APPROACH,0.3692,103.1288
26.0,APPROACH,0.3608,102.6131
26.0333,APPROACH,0.3527,102.1001
26.0667,APPROACH,0.3447,94.3945
26.1,APPROACH,0.3368,93.9225
26.1333,APPROACH,0.3291,93.4529
26.1667,APPROACH,0.3217,92.9856
26.2,APPROACH,0.3143,92.5207
26.2333,APPROACH,0.3072,91.6391
26.2667,APPROACH,0.3001,91.1809
26.3,APPROACH,0.2932,90.725
26.3333,APPROACH,0.2865,90.2714
26.3667,APPROACH,0.28,89.82
26.4,APPROACH,0.2736,89.3709
26.4333,APPROACH,0.2674,88.9241
26.4667,APPROACH,0.2611,88.4794
26.5,APPROACH,0.2551,87.6173
26.5333,APPROACH,0.2491,87.1792
26.5667,APPROACH,0.2434,46.8397
26.6,APPROACH,0.2378,46.6055
26.6333,APPROACH,0.2324,46.3725
26.6667,APPROACH,0.2271,46.1406
26.7,APPROACH,0.2217,45.9099
26.7333,APPROACH,0.2166,45.6803
26.7667,APPROACH,0.2115,45.4519
26.8,APPROACH,0.2066,45.2247
26.8333,APPROACH,0.2017,44.9986
26.8667,APPROACH,0.1967,44.7736
26.9,APPROACH,0.1922,44.5497
26.9333,APPROACH,0.1877,44.3269
26.9667,APPROACH,0.1833,44.1053
27.0,APPROACH,0.179,43.8848
27.0333,APPROACH,0.1747,43.6654
27.0667,APPROACH,0.1705,43.447
27.1,APPROACH,0.1665,43.2298
27.1333,APPROACH,0.1625,43.0137
27.1667,APPROACH,0.1586,42.7986
27.2,APPROACH,0.1549,42.5846
27.2333,APPROACH,0.1511,42.3717
27.2667,APPROACH,0.1477,42.1598
27.3,APPROACH,0.1441,41.949
27.3333,APPROACH,0.1408,41.7393
27.3667,APPROACH,0.1375,41.5306
27.4,APPROACH,0.1342,41.3229
27.4333,APPROACH,0.1311,38.8346
27.4667,APPROACH,0.128,38.6405
27.5,APPROACH,0.125,38.4473
27.5333,APPROACH,0.1221,38.255
27.5667,APPROACH,0.1191,38.0638
27.6,APPROACH,0.1163,37.8734
27.6333,APPROACH,0.1135,37.6841
27.6667,APPROACH,0.1107,37.4957
27.7,APPROACH,0.1079,37.3082
27.7333,APPROACH,0.1053,37.1216
27.7667,APPROACH,0.1027,36.936
27.8,APPROACH,0.1001,36.7513
27.8333,APPROACH,0.0976,36.5676
27.8667,APPROACH,0.0953,36.3848
27.9,APPROACH,0.0928,36.2028
27.9333,APPROACH,0.0905,36.0218
27.9667,APPROACH,0.0882,35.8417
28.0,APPROACH,0.0859,35.6625
28.0333,APPROACH,0.0838,35.4842
28.0667,APPROACH,0.0817,35.3068
28.1,APPROACH,0.0796,35.1302
28.1333,APPROACH,0.0776,34.9546
28.1667,APPROACH,0.0756,34.7798
28.2,APPROACH,0.0737,34.6059
28.2333,APPROACH,0.0717,34.4329
28.2667,APPROACH,0.0698,34.2607
28.3,APPROACH,0.0681,34.0894
28.3333,APPROACH,0.0662,33.919
28.3667,APPROACH,0.0646,33.7494
28.4,APPROACH,0.0629,33.5806
28.4333,APPROACH,0.0611,33.4127
28.4667,APPROACH,0.0592,33.2457
28.5,APPROACH,0.0574,33.0794
28.5333,APPROACH,0.0556,32.914
28.5667,APPROACH,0.0537,32.7495
28.6,APPROACH,0.0519,32.5857
28.6333,APPROACH,0.0501,32.4228
28.6667,APPROACH,0.05,32.2607
28.7,APPROACH,0.05,32.0994
28.7333,APPROACH,0.05,31.9389
28.7667,APPROACH,0.05,31.7792
28.8,APPROACH,0.05,31.6203
28.8333,APPROACH,0.05,31.4622
28.8667,APPROACH,0.05,31.3049
28.9,APPROACH,0.05,31.1483
28.9333,APPROACH,0.05,30.9926
28.9667,APPROACH,0.05,30.8376
29.0,APPROACH,0.05,30.6834
29.0333,APPROACH,0.05,30.53
29.0667,APPROACH,0.05,30.3774
29.1,APPROACH,0.05,30.2255
29.1333,APPROACH,0.05,30.0744
29.1667,APPROACH,0.05,29.924
29.2,APPROACH,0.05,29.7744
29.2333,APPROACH,0.05,29.6255
29.2667,APPROACH,0.05,29.4774
29.3,APPROACH,0.05,29.33
29.3333,APPROACH,0.05,29.1833
29.3667,APPROACH,0.05,29.0374
29.4,APPROACH,0.05,28.8922
29.4333,APPROACH,0.05,28.7478
29.4667,APPROACH,0.05,28.604
29.5,APPROACH,0.05,28.461
29.5333,APPROACH,0.05,28.3187
29.5667,APPROACH,0.05,28.1771
29.6,ALIGN,0.05,28.0362
29.6333,ALIGN,0.05,27.896
29.6667,ALIGN,0.05,27.7566
29.7,ALIGN,0.05,27.6178
29.7333,ALIGN,0.05,27.4797
29.7667,ALIGN,0.05,27.3423
29.8,ALIGN,0.05,27.2056
29.8333,ALIGN,0.05,27.0696
29.8667,ALIGN,0.05,26.9342
29.9,ALIGN,0.05,26.7995
29.9333,ALIGN,0.05,26.6655
29.9667,ALIGN,0.05,26.5322
30.0,ALIGN,0.05,26.3996
30.0333,ALIGN,0.05,26.2676
30.0667,ALIGN,0.05,26.1362
30.1,ALIGN,0.05,19.3173
30.1333,ALIGN,0.05,19.2207
30.1667,ALIGN,0.05,19.1246
30.2,ALIGN,0.05,19.029
30.2333,ALIGN,0.05,18.9339
30.2667,ALIGN,0.05,18.8392
30.3,ALIGN,0.05,18.745
30.3333,ALIGN,0.05,18.6513
30.3667,ALIGN,0.05,18.558
30.4,ALIGN,0.05,18.4652
30.4333,ALIGN,0.05,18.3729
30.4667,ALIGN,0.05,17.8618
30.5,ALIGN,0.05,17.7725
30.5333,ALIGN,0.05,17.6836
30.5667,ALIGN,0.05,17.5952
30.6,ALIGN,0.05,17.5072
30.6333,ALIGN,0.05,17.4197
30.6667,ALIGN,0.05,17.3326
30.7,ALIGN,0.05,16.827
30.7333,ALIGN,0.05,16.7428
30.7667,ALIGN,0.05,16.6591
30.8,ALIGN,0.05,16.5758
30.8333,ALIGN,0.05,16.4929
30.8667,ALIGN,0.05,16.4105
30.9,ALIGN,0.05,16.3284
30.9333,ALIGN,0.05,16.2468
30.9667,ALIGN,0.05,16.1656
31.0,ALIGN,0.05,16.0847
31.0333,ALIGN,0.05,16.0043
31.0667,ALIGN,0.05,15.9243
31.1,ALIGN,0.05,15.8447
31.1333,ALIGN,0.05,15.7654
31.1667,ALIGN,0.05,15.6866
31.2,ALIGN,0.05,15.6082
31.2333,ALIGN,0.05,15.5301
31.2667,ALIGN,0.05,15.4525
31.3,ALIGN,0.05,15.3752
31.3333,ALIGN,0.05,15.2983
31.3667,ALIGN,0.05,15.2219
31.4,ALIGN,0.05,15.1457
31.4333,ALIGN,0.05,15.07
31.4667,ALIGN,0.05,14.9947
31.5,ALIGN,0.05,14.9197
31.5333,ALIGN,0.05,14.8451
31.5667,ALIGN,0.05,14.7709
31.6,ALIGN,0.05,14.697
31.6333,ALIGN,0.05,14.6235
31.6667,ALIGN,0.05,14.5504
31.7,ALIGN,0.05,14.4777
31.7333,ALIGN,0.05,14.4053
31.7667,ALIGN,0.05,14.3332
31.8,ALIGN,0.05,14.2616
31.8333,ALIGN,0.05,14.1903
31.8667,ALIGN,0.05,14.1193
31.9,ALIGN,0.05,14.0487
31.9333,ALIGN,0.05,13.9785
31.9667,ALIGN,0.05,13.9086
32.0,ALIGN,0.05,13.839
32.0333,ALIGN,0.05,13.7698
32.0667,ALIGN,0.05,13.701
32.1,ALIGN,0.05,13.6325
32.1333,ALIGN,0.05,13.5643
32.1667,ALIGN,0.05,13.4965
32.2,ALIGN,0.05,13.429
32.2333,ALIGN,0.05,13.3619
32.2667,ALIGN,0.05,13.2951
32.3,ALIGN,0.05,13.2286
32.3333,ALIGN,0.05,13.1625
32.3667,ALIGN,0.05,13.0966
32.4,ALIGN,0.05,13.0312
32.4333,ALIGN,0.05,12.966
32.4667,ALIGN,0.05,12.9012
32.5,ALIGN,0.05,12.8367
32.5333,ALIGN,0.05,12.7725
32.5667,ALIGN,0.05,12.7086
32.6,ALIGN,0.05,12.6451
32.6333,ALIGN,0.05,12.5819
32.6667,ALIGN,0.05,12.5189
32.7,ALIGN,0.05,12.4563
32.7333,ALIGN,0.05,12.3941
32.7667,ALIGN,0.05,12.3321
32.8,ALIGN,0.05,12.2704
32.8333,ALIGN,0.05,12.2091
32.8667,ALIGN,0.05,12.148
32.9,ALIGN,0.05,12.0873
32.9333,ALIGN,0.05,12.0269
32.9667,ALIGN,0.05,11.9667
33.0,ALIGN,0.05,11.9069
33.0333,ALIGN,0.05,11.8474
33.0667,ALIGN,0.05,11.7881
33.1,ALIGN,0.05,11.7292
33.1333,ALIGN,0.05,11.6705
33.1667,ALIGN,0.05,11.6122
33.2,ALIGN,0.05,11.5541
33.2333,ALIGN,0.05,11.4964
33.2667,ALIGN,0.05,11.4389
33.3,ALIGN,0.05,11.3817
33.3333,ALIGN,0.05,11.3248
33.3667,ALIGN,0.05,11.2681
33.4,ALIGN,0.05,11.2118
33.4333,ALIGN,0.05,11.1557
33.4667,ALIGN,0.05,11.1
33.5,ALIGN,0.05,11.0445
33.5333,ALIGN,0.05,10.9892
33.5667,ALIGN,0.05,10.9343
33.6,ALIGN,0.05,10.4602
33.6333,ALIGN,0.05,10.4079
33.6667,ALIGN,0.05,10.3559
33.7,ALIGN,0.05,10.3041
33.7333,ALIGN,0.05,10.2526
33.7667,ALIGN,0.05,10.2013
33.8,ALIGN,0.05,10.1503
33.8333,ALIGN,0.05,10.0995
33.8667,ALIGN,0.05,10.049
33.9,ALIGN,0.05,9.9988
33.9333,ALIGN,0.05,9.9488
33.9667,ALIGN,0.05,9.8991
34.0,ALIGN,0.05,9.8496
34.0333,ALIGN,0.05,9.8003
34.0667,ALIGN,0.05,9.7513
34.1,ALIGN,0.05,9.7026
34.1333,ALIGN,0.05,9.654
34.1667,ALIGN,0.05,9.6058
34.2,ALIGN,0.05,9.5577
34.2333,ALIGN,0.05,9.51
34.2667,ALIGN,0.05,9.4624
34.3,ALIGN,0.05,9.4151
34.3333,ALIGN,0.05,9.368
34.3667,ALIGN,0.05,9.3212
34.4,ALIGN,0.05,9.2746
34.4333,ALIGN,0.05,9.2282
34.4667,ALIGN,0.05,9.1821
34.5,ALIGN,0.05,9.1361
34.5333,ALIGN,0.05,9.0905
34.5667,ALIGN,0.05,9.045
34.6,ALIGN,0.05,8.9998
34.6333,ALIGN,0.05,8.9548
34.6667,ALIGN,0.05,8.91
34.7,ALIGN,0.05,8.8655
34.7333,ALIGN,0.05,8.8211
34.7667,ALIGN,0.05,8.777
34.8,ALIGN,0.05,8.7331
34.8333,ALIGN,0.05,8.2715
34.8667,ALIGN,0.05,8.2301
34.9,ALIGN,0.05,8.189
34.9333,ALIGN,0.05,8.148
34.9667,ALIGN,0.05,8.1073
35.0,ALIGN,0.05,8.0667
35.0333,ALIGN,0.05,8.0264
35.0667,ALIGN,0.05,7.9863
35.1,ALIGN,0.05,7.9463
35.1333,ALIGN,0.05,7.9066
35.1667,ALIGN,0.05,7.8671
35.2,ALIGN,0.05,7.8277
35.2333,ALIGN,0.05,7.7886
35.2667,ALIGN,0.05,7.7497
35.3,ALIGN,0.05,7.7109
35.3333,ALIGN,0.05,7.6724
35.3667,ALIGN,0.05,7.634
35.4,ALIGN,0.05,7.5958
35.4333,ALIGN,0.05,7.5578
35.4667,ALIGN,0.05,7.5201
35.5,ALIGN,0.05,7.4825
35.5333,ALIGN,0.05,7.445
35.5667,ALIGN,0.05,7.4078
35.6,ALIGN,0.05,7.3708
35.6333,ALIGN,0.05,7.3339
35.6667,ALIGN,0.05,7.2973
35.7,ALIGN,0.05,7.2608
35.7333,ALIGN,0.05,7.2245
35.7667,ALIGN,0.05,7.1883
35.8,ALIGN,0.05,7.1524
35.8333,ALIGN,0.05,7.1166
35.8667,ALIGN,0.05,7.0811
35.9,ALIGN,0.05,7.0457
35.9333,ALIGN,0.05,7.0104
35.9667,ALIGN,0.05,6.9754
36.0,ALIGN,0.05,6.9405
36.0333,ALIGN,0.05,6.9058
36.0667,ALIGN,0.05,6.8713
36.1,ALIGN,0.05,6.8369
36.1333,ALIGN,0.05,6.8027
36.1667,ALIGN,0.05,6.7687
36.2,ALIGN,0.05,6.7349
36.2333,ALIGN,0.05,6.7012
36.2667,ALIGN,0.05,6.6677
36.3,ALIGN,0.05,6.6343
36.3333,ALIGN,0.05,6.6012
36.3667,ALIGN,0.05,6.5682
36.4,ALIGN,0.05,6.5353
36.4333,ALIGN,0.05,6.5027
36.4667,ALIGN,0.05,6.4701
36.5,ALIGN,0.05,6.4378
36.5333,ALIGN,0.05,6.4056
36.5667,ALIGN,0.05,6.3736
36.6,ALIGN,0.05,6.3417
36.6333,ALIGN,0.05,6.31
36.6667,ALIGN,0.05,6.2784
36.7,ALIGN,0.05,6.2471
36.7333,ALIGN,0.05,6.2158
36.7667,ALIGN,0.05,6.1847
36.8,ALIGN,0.05,6.1538
36.8333,ALIGN,0.05,6.123
36.8667,ALIGN,0.05,6.0924
36.9,ALIGN,0.05,6.062
36.9333,ALIGN,0.05,6.0317
36.9667,DESCEND,0.05,6.0015
37.0,LANDED,0.05,5.9715
